GM_file,factor
RSN251,4.683735054680426
RSN564,1.2243750794265975
RSN692,0.8188602253372889
RSN626,1.252450834874058
RSN244,4.634837258912294
