{
  "Model": "Manzour & Davidson (2016)",
  "NumTargetEQs": 10,
  "NumTargetGMMs": 200,
  "ReturnPeriods": [
    224,
    475,
    975,
    2475
  ],
  "IntensityMeasure": "SA",
  "Period": 1,
  "HazardCurves": [
    [
      0.6838034054321255,
      0.9525446477920191,
      1.2333630216819043,
      1.6584117625223578
    ],
    [
      0.6842030098522773,
      0.9523197589173203,
      1.2321779429743374,
      1.6557086385969384
    ],
    [
      0.6848462642165801,
      0.9527364918292653,
      1.2319717196269653,
      1.654519757989004
    ],
    [
      0.6853620281460491,
      0.9530938737060803,
      1.2318573763291814,
      1.6536839981807765
    ],
    [
      0.686287744588151,
      0.9542474043945722,
      1.2328729379811771,
      1.6545552093219569
    ],
    [
      0.6869992585245103,
      0.9553633608198436,
      1.2341731959497504,
      1.6562458566842553
    ],
    [
      0.6883164442611894,
      0.9576504920876754,
      1.2370298084397684,
      1.6601205049641197
    ],
    [
      0.6894239664492174,
      0.9597258867146882,
      1.2398286586755303,
      1.664224769166691
    ],
    [
      0.5504586760596969,
      0.779764866787782,
      1.0394807194622577,
      1.4268960448478865
    ],
    [
      0.6891388178449674,
      0.9593859469367185,
      1.2393119736854854,
      1.6628310087270655
    ]
  ]
}