{
  "EarthquakeID": [
    0,
    0,
    0,
    0,
    0,
    0,
    0,
    0,
    0,
    1,
    1,
    1,
    1,
    1,
    1,
    1,
    1,
    1,
    1,
    1,
    1,
    1,
    1,
    2,
    2,
    2,
    2,
    2,
    2,
    2,
    2,
    2,
    2,
    2,
    2,
    2
  ],
  "ProbabilityWeight": [
    0.00017504174,
    0.00017111448,
    0.00013199947,
    0.00022711091,
    1.6904504e-05,
    0.0004040404,
    0.0001109808,
    0.00041837969,
    0.00026845061,
    0.00010470774,
    0.00021004264,
    4.7303031e-05,
    0.00013558979,
    0.0001905765,
    7.5312476e-05,
    2.2885621e-05,
    0.00069159473,
    0.00014822886,
    4.6952417e-05,
    5.2426854e-05,
    5.7213119e-05,
    7.1034605e-05,
    7.8376052e-05,
    0.00021602376,
    0.00018801665,
    0.00018035543,
    4.4909275e-05,
    0.00073722405,
    0.00018887799,
    0.0001514887,
    0.00011270417,
    0.00010947387,
    5.7382864e-05,
    0.00058198725,
    9.7338466e-05,
    0.00026845061
  ]
}