{
  "EarthquakeNumber": 3,
  "EarthquakeID": [
    39,
    57,
    94
  ],
  "EarthquakeInfo": [
    {
      "Type": "ERF",
      "RuptureForecast": "WGCEP (2007) UCERF2 - Single Branch",
      "Name": "Hayward-Rodgers Creek;HN+HS",
      "Magnitude": 7.05,
      "MeanAnnualRate": 0.00046978578131852227,
      "SourceIndex": 28,
      "RuptureIndex": 5,
      "SiteSourceDistance": [
        14.482388662087002,
        14.042528946596555,
        13.595495997140514,
        13.151219899283818,
        12.724504344521813,
        12.278475615522968,
        11.843882029608466,
        11.407407056898819,
        10.969196140302069,
        13.632993680725283
      ],
      "SiteRuptureDistance": [
        14.482388662087002,
        14.042528946596555,
        13.595495997140514,
        13.151219899283818,
        12.724504344521813,
        12.278475615522968,
        11.843882029608466,
        11.407407056898819,
        10.969196140302069,
        13.632993680725283
      ]
    },
    {
      "Type": "ERF",
      "RuptureForecast": "WGCEP (2007) UCERF2 - Single Branch",
      "Name": "N. San Andreas;SAO+SAN+SAP+SAS",
      "Magnitude": 8.049999999999999,
      "MeanAnnualRate": 0.000349925960596044,
      "SourceIndex": 39,
      "RuptureIndex": 4,
      "SiteSourceDistance": [
        14.766642156361712,
        15.196389352252718,
        15.643727269717523,
        16.09175498365307,
        16.522055014211972,
        16.969434267925628,
        17.411093112015884,
        17.853990936885207,
        18.295162424179637,
        15.639154322292434
      ],
      "SiteRuptureDistance": [
        14.766642156361712,
        15.196389352252718,
        15.643727269717523,
        16.09175498365307,
        16.522055014211972,
        16.969434267925628,
        17.411093112015884,
        17.853990936885207,
        18.295162424179637,
        15.639154322292434
      ]
    },
    {
      "Type": "ERF",
      "RuptureForecast": "WGCEP (2007) UCERF2 - Single Branch",
      "Name": "Hayward-Rodgers Creek;HS",
      "Magnitude": 6.949999999999999,
      "MeanAnnualRate": 0.0002196866546641128,
      "SourceIndex": 29,
      "RuptureIndex": 6,
      "SiteSourceDistance": [
        14.487310681952472,
        14.04095128298913,
        13.606989445927422,
        13.213901979082861,
        12.863359988547412,
        12.544604256369825,
        12.278199379138085,
        12.05216676306069,
        11.879454492539283,
        13.626522825301874
      ],
      "SiteRuptureDistance": [
        14.487310681952472,
        14.04095128298913,
        13.606989445927422,
        13.213901979082861,
        12.863359988547412,
        12.544604256369825,
        12.278199379138085,
        12.05216676306069,
        11.879454492539283,
        13.626522825301874
      ]
    }
  ],
  "ProbabilityWeight": [
    0.0066229312,
    0.0063452282,
    0.001035221
  ]
}